beta_pub,beta_grocery,beta_cinema,beta_commute_unit,beta_commute_city_unit,beta_hospital,beta_care_home,beta_company,beta_school,beta_household,beta_university,asymptomatic_ratio,seed_strength,social_distancing_beta_factor,quarantine_household_compliance,run_number
0.08147347391399587,0.1598883794006006,0.1803860757139525,0.39801117769834027,0.3556543852223826,0.09065002867702833,0.3240126572515509,0.09748578579787684,0.4313900727614058,0.05136802243322088,0.3184298616203579,0.2814448257641107,0.6816402926387751,0.7079638882670303,0.4823476557365677,58
0.2854937158112532,0.0708927228355122,0.07455867999512743,0.3074496484418355,0.3921275640893233,0.395298890901096,0.3945961013741368,0.0775735082190019,0.0653693417852281,0.13220256716175582,0.4952309064311894,0.2419174782964794,1.1662103946701758,0.781674932369667,0.4798241870978888,112
0.2879558702757353,0.1745212653169287,0.11985645459794204,0.3717071391807377,0.15599209774485104,0.3392115575227802,0.8361658989676649,0.12371338822504638,0.1875665423034988,0.1249272334473841,0.1900176240031432,0.2477254811657005,0.5894619935509178,0.6884665101358403,0.6622331351787674,185
0.044760974354617976,0.20730415001744265,0.2120403354560836,0.16486848699879672,0.2512250955213086,0.13786528284914995,0.6908498237628126,0.11532762142205365,0.31811369905117304,0.0593114469973678,0.4286710618865904,0.3760560813133606,0.6407708640492338,0.6613114811101981,0.7823914089662756,202
